word,tfidf
app,0.0913002115900758
good,0.07295844593373246
best,0.04429576162713086
bank,0.031567613800473925
nice,0.028709239698881794
excellent,0.022235335589669676
banking,0.018901157078132183
use,0.018290023868734972
like,0.017596376953857882
working,0.01656278120814705
application,0.01599204108844781
fast,0.015266506228423052
mobile,0.014966965111288387
amazing,0.014734143789579265
dashen,0.014697361296350894
easy,0.014443961464004906
great,0.01439827884578697
worst,0.013276583150518557
work,0.013171936301659502
slow,0.012125849159700093
doesn,0.011863278493991084
update,0.011603466158685849
super,0.011392641081365064
service,0.01062098790509715
love,0.010140354947354505
time,0.010129773849847899
cbe,0.009733640082145951
ethiopia,0.009657903421069943
apps,0.009519549100295208
thank,0.009237640968615837
bad,0.009120435433556028
boa,0.00888257166646639
open,0.008464172191389379
money,0.007888481448900555
better,0.007497154241334354
need,0.007230243401756057
user,0.007080385789409665
transaction,0.006786180569686048
experience,0.006684908286565953
really,0.006670572964056018
perfect,0.006664098858292405
friendly,0.006655605635872024
transfer,0.006519125301635265
using,0.006428307760286344
fix,0.006383835349647648
new,0.006093990640579111
account,0.006087760810541748
useful,0.0060202989889663865
phone,0.005901689176018547
works,0.0058591410944687
don,0.005718845526246079
job,0.00547929667478258
financial,0.005347816247282424
make,0.005136393505647102
simple,0.00508581929186599
used,0.005016456399397026
seen,0.004998330264621373
exceptional,0.004975817504079113
access,0.004910498459836433
wow,0.0048659828860513656
step,0.00486330169895937
problem,0.004776782631202358
smart,0.0045103592112094295
needs,0.00437394619714603
just,0.004354610675747066
developer,0.004308883759581454
version,0.004300294081493664
loading,0.004263464878101045
ahead,0.00426182495078279
fantastic,0.004236404567585558
reliable,0.00421624069682399
android,0.004161919432950829
try,0.0041193085262308336
transactions,0.0040873573429551675
features,0.004078793876282696
ui,0.004076893499386099
times,0.004049220665081546
choice,0.004048610370771116
banks,0.0040075863264639805
issue,0.003949662286698055
does,0.003937495110965243
telebirr,0.003932740496235925
network,0.0038540637319906365
functional,0.0038213765827126186
says,0.003760868501100226
options,0.0037103023177681846
password,0.0036713492753129183
happy,0.003669762401286853
ethiopian,0.0036532578320084092
amole,0.0036230289868560716
option,0.0036173495044315744
connection,0.0035936129720773465
takes,0.0035887485834391404
send,0.0035438226810672853
improved,0.0035258315231237636
pin,0.0035115573296929867
long,0.0035020105597558067
worest,0.0034558903587498155
history,0.0033549820366457245
digital,0.0033313803569386432
days,0.003322629717669367
updated,0.003304792709106171
load,0.003299504424190534
thanks,0.003292384355081443
awesome,0.0032368346974671527
star,0.0032063722894783873
mode,0.0031917100475031693
secure,0.003180226254975762
crashes,0.003177289538682548
branch,0.0031545285298385955
interface,0.0031484123464373976
loved,0.0031455470768785897
available,0.0031397450213506866
updating,0.0030739207264934816
appreciate,0.00300060331161163
months,0.0029940282027873717
otp,0.0029467454959146255
properly,0.0029390918996910413
services,0.002901903542974741
totally,0.0028966969019677607
help,0.002889956878883907
keeps,0.0028815660327590744
convenient,0.002879682886672873
log,0.002853288510464921
design,0.002844551508612967
error,0.002822217189279609
updates,0.0028198705330427986
day,0.002801160093011752
important,0.0027895292422709726
game,0.002786437512112927
truly,0.002760356822939375
opening,0.0027507295142841417
know,0.002747967904371781
turn,0.0027238139909815094
100,0.002701981257865012
poor,0.0026810214661255006
connect,0.0026417837589620212
useless,0.0026353192527646422
big,0.002629712041210205
yes,0.0025701881861296687
improve,0.002549339525434387
balance,0.0025145541168925044
wonderful,0.002509499692132113
issues,0.0024949172143110335
years,0.0024726397458702887
makes,0.002442183590309655
far,0.0023895249520796986
going,0.0023813427432157093
ve,0.002373572382160239
check,0.002368587471479963
birr,0.002363719592661165
withdraw,0.0022828183519068724
country,0.002266386719915421
clear,0.002264377037535066
possible,0.0022434567338284117
frustrating,0.002239235592972917
changer,0.0022330406910278707
incredible,0.0022271714922048997
commercial,0.002178242590044822
add,0.0021664621241204497
supper,0.002157735827108868
absolutely,0.0021568939535135893
statement,0.0021415423194373322
customers,0.002127921362859308
right,0.0021227132697436606
start,0.0021134282600400464
apk,0.0020984628491808426
think,0.0020829204570189234
say,0.0020729756543559205
attractive,0.002059674882497112
atm,0.002054720735607292
helpful,0.0020536363929317845
data,0.0020413611777778274
strong,0.0020401639455908706
smooth,0.0020351196858304265
refresh,0.0020350908936503462
device,0.0020255556333577305
lot,0.0020130013681339018
shame,0.001977075552619733
change,0.0019658675731937846
login,0.0019518790519039032
security,0.0019319489148844002
improvement,0.0019295561929127648
dark,0.0018995421496708054
dont,0.0018968024610858723
problems,0.0018725434187492186
lazy,0.0018632053874739238
business,0.001860250115106777
pls,0.0018560692170672987
getting,0.0018522105391247945
trying,0.0018510325891977334
compared,0.001850081737766688
interesting,0.001831876016250924
life,0.0018274036300663689
place,0.0018253283615042577
failure,0.0018219058989981953
compatible,0.0018217737857234195
annoying,0.001819128505155085
unreliable,0.0018183470441653598
transferring,0.001810195462075836
way,0.0018063245629712475
did,0.0017989639030697006
accounts,0.0017802405688671645
week,0.0017789108848925734
product,0.001760433316204308
able,0.001749855416738264
sector,0.001749310972346782
difficult,0.0017479340480021075
thing,0.0017352669667901012
boring,0.0017314863758964589
transfers,0.001727492293610946
feature,0.0017242837689347005
nise,0.0017224932926621591
said,0.0017122761513246349
future,0.0017072695428188445
guys,0.0017069178163759242
page,0.0017035321860015868
speed,0.0017033904494797142
zero,0.001693114299747168
card,0.0016900691809333512
latest,0.00168813693656565
bug,0.0016877045207281658
impressive,0.001687176796443338
minutes,0.0016859395484368211
automatically,0.0016709368059359057
frequently,0.0016646827037163085
crush,0.00162719727333217
isn,0.0016246534424839353
modern,0.001623217033067492
recent,0.001620003671741565
let,0.001617163976905099
different,0.0016002570447860112
download,0.0015971720594813196
bugs,0.0015957130437582177
excited,0.0015918886650381262
galaxy,0.0015908400202924195
daily,0.00158622304105125
dashin,0.0015848882846002648
honest,0.001582007040153332
verry,0.0015776507517640322
ux,0.0015743513124005784
stop,0.0015734786328939665
things,0.0015694560031728007
want,0.0015660338985237791
abyssinia,0.0015647476916399038
multiple,0.0015259210883419774
couldn,0.0014952888934063372
previous,0.001490602832639412
improvements,0.0014904904583914497
correctly,0.0014902190881444489
overall,0.0014890480132602668
allowed,0.0014791755705072514
safe,0.0014773653832008643
performance,0.0014694529960725838
visit,0.0014611490339442104
showing,0.001459684183581663
leave,0.0014506034567784774
cool,0.0014412764301632444
complete,0.0014355435377447845
recommend,0.0014305847791027176
fails,0.0014301428595918477
fine,0.0014298101994241314
fixed,0.001420456163919444
immediately,0.0014199623799807015
kind,0.0014120572892807974
people,0.0014012559126195734
didn,0.0014004810904319738
optional,0.0013945742376684361
stopped,0.0013881705476611428
got,0.0013789879231016304
nearest,0.00137334757313927
head,0.0013666842671695317
seamless,0.0013621583371772109
type,0.0013573462025274774
stunning,0.0013570841695390175
qr,0.001354710453158172
organized,0.0013485884234533323
old,0.0013453257376422815
stops,0.0013433189570165685
worse,0.001333696938122711
screenshot,0.0013265844444474589
point,0.0013163500435318671
customer,0.0013116334659201193
secured,0.001311318621321804
payment,0.0013091553010611855
mb,0.0013088140968799662
professional,0.0013067181315660876
slowest,0.0013048272656094881
10,0.0013045363274945254
activate,0.0013030394821406314
disable,0.0012974003172897721
number,0.0012968469662074796
solve,0.0012968329684080531
timely,0.001281047985723685
active,0.0012732350586535364
experienced,0.0012674581327927633
code,0.0012591195848159376
kindly,0.0012454727446646844
instead,0.0012386544510861216
unable,0.001235431915313721
functioning,0.0012248471040584435
response,0.0012225687990575114
2025,0.001218392560144001
expected,0.0012122625400135156
sending,0.0012101146962052124
horrible,0.0012036382407234949
sad,0.0012024983766625382
unlimited,0.0012012142123778605
charge,0.0011986160888478202
receipt,0.0011974742026934653
extremely,0.0011953813230825487
asking,0.0011933666068834254
upgrade,0.0011918749987574065
txn,0.0011881184382518603
tele,0.0011870687291183415
cache,0.001185803460487593
ways,0.0011856678451810563
superapp,0.0011745875269807723
save,0.0011730690832747654
tell,0.0011659211746884305
lifestyle,0.0011635662571695205
sim,0.00116185172623547
proud,0.0011598114580518902
50,0.001150895544933856
forever,0.001145985656974573
company,0.0011457622920965777
payments,0.0011455552620792987
repeatedly,0.001142277218224421
lag,0.0011341865298855932
awash,0.001133480818760951
recently,0.0011297518489487464
feel,0.001128899597218592
deserves,0.0011272142582262506
request,0.0011268381112336462
support,0.0011177103311378988
verification,0.0011136044354856049
amizing,0.0011135857461024498
alhamdulilah,0.0011135857461024498
juhaar,0.0011135857461024498
janalebl,0.0011135857461024498
jaajja,0.0011135857461024498
jabirabdala,0.0011135857461024498
amzing,0.0011135857461024498
tankyu,0.0011135857461024498
proplem,0.0011135857461024498
blah,0.0011135857461024498
niceapp,0.0011135857461024498
favorite,0.0011135857461024498
fastest,0.0011135857461024498
niiceh,0.0011135857461024498
suckkkks,0.0011135857461024498
enkorabetalen,0.0011135857461024498
wwwerrr,0.0011135857461024498
wweeeer,0.0011135857461024498
securr,0.0011135857461024498
worck,0.0011135857461024498
amrumehamed,0.0011135857461024498
lagging,0.0011135857461024498
tadass,0.0011135857461024498
special,0.0011135857461024498
verfcasencod,0.0011135857461024498
applied,0.0011135857461024498
monk,0.0011135857461024498
shimalis,0.0011135857461024498
installi,0.0011135857461024498
infinx,0.0011135857461024498
convinent,0.0011135857461024498
rijalufaris,0.0011135857461024498
crushing,0.0011135857461024498
waaaaaaaw,0.0011135857461024498
ademtahir,0.0011135857461024498
woooow,0.0011135857461024498
waqayyoo,0.0011135857461024498
yuuuuu,0.0011135857461024498
werke,0.0011135857461024498
abdulkadir,0.0011135857461024498
suitable,0.0011130188300477934
highly,0.001111341490633643
wise,0.001101466549804261
button,0.0010966933788047705
switch,0.0010965661236374837
sure,0.0010933833121421592
11,0.0010922712906450962
designed,0.0010856593155247607
faster,0.0010834427863457836
forest,0.00107617430974337
apdat,0.00107617430974337
wowwwe,0.00107617430974337
fav,0.00107617430974337
entreated,0.00107617430974337
wonderfull,0.00107617430974337
outstanding,0.00107617430974337
navigation,0.0010728775703002743
sign,0.0010636127214413535
write,0.0010631386866640452
fee,0.0010621451523191393
requires,0.001059684821892227
users,0.0010575413665999108
software,0.0010450210128161682
living,0.0010429071171490598
specially,0.0010405977097410046
hope,0.001037768376696302
poorly,0.0010301556823112408
asap,0.001030048289295165
effortless,0.001026279014117952
viry,0.0010234764682438295
morning,0.0010234764682438295
hasasa,0.001021640905489793
abissena,0.001021640905489793
idea,0.0010200974787723859
wallet,0.0010172892863815793
stack,0.0010157751483441375
continue,0.001014708567638941
especially,0.0010134727670059237
buy,0.0010119168356062913
office,0.0010074245775598628
incredibly,0.0010065899809398738
15,0.0010018816300527774
everytime,0.0010011099586815142
fore,0.0009942050747411345
definitely,0.0009927039143041753
abseniya,0.0009925222866973384
unbelievable,0.0009831949512665095
having,0.0009762879848671375
freezes,0.0009746287133281879
aprshat,0.0009733228495780014
bauget,0.0009704993242161579
face,0.0009634347231557216
forward,0.0009607257646235552
tired,0.000960525052510193
allow,0.0009537546779948478
perfectly,0.0009504043603214948
glitch,0.0009461538797322989
cash,0.0009436730785258819
actually,0.0009431287717290749
year,0.0009419732293362842
airtime,0.0009416125696115181
address,0.000941341099620144
woow,0.0009405614909414321
promotion,0.0009405614909414321
essay,0.0009383020844889869
provides,0.0009369196538223875
gave,0.0009362405850559402
confartable,0.0009359514693472221
freezing,0.0009358363399813778
biometric,0.0009345943050630249
functionality,0.000934093679662592
istg,0.0009335722974488435
opened,0.0009322038901171681
enabled,0.0009309116877809284
tried,0.0009259602094775401
thise,0.0009253467955064946
looks,0.0009225354620599517
started,0.00092253024525993
screen,0.0009197355117332378
sync,0.0009182720896113144
longer,0.0009177340705607695
enhance,0.0009124177512079241
ussd,0.0009084517998357149
reviews,0.0009077242894643186
language,0.0009030546691005132
bankin,0.0009011774081284224
liking,0.0008998790486760865
arif,0.0008980512123811337
remittance,0.0008965733989090412
improvment,0.0008965733989090412
night,0.0008961138815456466
date,0.0008954573722174176
list,0.0008954333400667337
broblem,0.0008928658875831492
poorest,0.0008928658875831492
dev,0.0008900886481233013
wworld,0.0008897506231003378
unless,0.0008872140398208605
asked,0.0008835504488977801
bast,0.0008813008114030944
view,0.0008750754186155963
limit,0.0008727230309875141
complicated,0.0008725285781189513
trnes,0.0008674570266102415
wrong,0.0008674570266102415
apo,0.0008674570266102415
size,0.0008610656965433918
consistent,0.0008560194130736761
clean,0.0008536029754831478
extended,0.0008534557011389377
include,0.0008533677174128341
proformance,0.0008503941018822925
crash,0.0008494189893088203
saff,0.0008494189893088203
backing,0.0008487810150308785
inconvenient,0.0008464865755979903
ago,0.0008454843243760984
soon,0.0008444832031984519
downgraded,0.0008419577178954308
trash,0.0008413685565194335
tasks,0.0008400908853827816
presize,0.0008396825562507192
sezzs55s,0.0008396825562507192
wifi,0.0008396825562507192
basis,0.0008370894286600112
won,0.0008341189747887634
gives,0.0008307692655648185
downloading,0.0008298374692523216
logging,0.0008266993336798302
a10s,0.0008266993336798302
apkwun,0.0008266993336798302
trusted,0.0008266993336798302
granted,0.0008266993336798302
feels,0.0008243637913813015
enter,0.000824167290069251
goode,0.0008232902740202964
current,0.0008177286500767168
high,0.0008159320450907418
phones,0.0008147729282209385
reason,0.0008113264523593367
cost,0.0008112306506142912
limet,0.0008108604878779463
ittttt,0.000806310410360607
text,0.0008012085351575046
pro,0.0008001268325671831
function,0.0007991108005495304
uptede,0.000798964814016132
lots,0.0007974928830252643
favourite,0.0007968270666222993
alway,0.000795767715588194
waste,0.0007954985953584708
awasome,0.0007954378187275786
staffs,0.0007902009152217577
prefer,0.0007900122175623618
final,0.0007895198128039973
providing,0.0007886630219811876
dirtiest,0.0007883098193303208
senayt,0.0007874240325017233
abraahim,0.0007874240325017233
tinishu,0.0007874240325017233
titiba,0.0007874240325017233
tamaam,0.0007874240325017233
muktaar,0.0007874240325017233
gamada,0.0007874240325017233
muhaammad,0.0007874240325017233
nic,0.0007874240325017233
aweil,0.0007874240325017233
mahamad,0.0007874240325017233
ap,0.0007874240325017233
asledin,0.0007874240325017233
asfaw,0.0007874240325017233
masha,0.0007874240325017233
mahamadi,0.0007874240325017233
makonn,0.0007874240325017233
urgesa11,0.0007874240325017233
absiniya,0.0007874240325017233
asefa,0.0007874240325017233
usman,0.0007874240325017233
zinaa,0.0007874240325017233
ahmed,0.0007874240325017233
ali,0.0007874240325017233
alla,0.0007874240325017233
damse,0.0007874240325017233
dantro,0.0007874240325017233
husen,0.0007874240325017233
ibsa,0.0007874240325017233
banke,0.0007874240325017233
meseret,0.0007874240325017233
mehommd,0.0007874240325017233
mkt,0.0007874240325017233
kamil,0.0007874240325017233
kamal,0.0007874240325017233
zenebe,0.0007874240325017233
eyita,0.0007874240325017233
nuri,0.0007874240325017233
bentahuuuu,0.0007874240325017233
abebaw,0.0007874240325017233
abessnya,0.0007874240325017233
mamma,0.0007874240325017233
banki,0.0007874240325017233
bakko,0.0007874240325017233
band,0.0007874240325017233
mesfin,0.0007874240325017233
birara,0.0007874240325017233
obsa,0.0007874240325017233
tips,0.0007874240325017233
kiyaa,0.0007874240325017233
20,0.0007874240325017233
abdrug,0.0007874240325017233
participate,0.0007835422966599859
dedication,0.0007833795421787543
developers,0.0007763162271433587
recipient,0.0007755965909632876
asks,0.0007752560129637666
embarrassing,0.0007750234238453416
bist,0.0007738581821877674
tankyou,0.0007738581821877674
appliciation,0.0007734343692530065
abissinya,0.0007726413070786389
encountered,0.000770807621082365
stars,0.000770303790744442
convenience,0.0007689237169613207
recents,0.0007674637685042524
waiting,0.0007628214104646087
finance,0.0007628214104646086
necessary,0.0007621147337573642
theme,0.0007617301421097117
appreciated,0.0007596353782733321
mid,0.0007573468597739297
decent,0.0007540277932967965
crushed,0.0007524425221780512
replaced,0.0007518008544607273
bankig,0.0007516568352205702
competitive,0.0007506193708501861
greqt,0.0007504183360923052
stability,0.0007497573269190945
low,0.0007488888720479887
install,0.0007487854537230732
responding,0.0007466132588836605
society,0.0007459002164095075
forces,0.000744111904826942
come,0.0007430429467511908
unfair,0.0007428043777626172
changing,0.0007413315910391029
seeing,0.0007410242630435753
exist,0.0007409271103574822
wanted,0.0007408615142601953
performing,0.0007405442157686906
consider,0.0007391110726248688
century,0.0007374687020239393
lost,0.0007362176396953855
fully,0.0007359027669080142
fair,0.0007334680729120122
care,0.0007334678523467838
taking,0.0007303068026516083
gove0,0.0007300745711528098
24,0.0007298180759104831
mayreba,0.0007271757567618171
cashless,0.0007271254219605901
delay,0.0007269756144134325
disabled,0.0007250075923602821
visually,0.000723592783032177
ib,0.000723592783032177
morethan,0.0007203694944993987
simplest,0.0007196963512210935
word,0.0007191823721218547
explane,0.0007191823721218547
exellent,0.000719124463085049
internet,0.0007162863473073925
created,0.0007154226104416505
humans,0.0007154226104416505
vat,0.0007141217972445529
removing,0.0007132836893053725
live,0.0007107273172294747
crashing,0.0007099579121357181
hardly,0.0007090068732944233
problematic,0.0007090068732944233
lacks,0.0007072624892637444
shut,0.000706609558295181
ti,0.0007065031072436166
improving,0.0007058992845352938
server,0.0007052738320214599
settings,0.0007042809034782249
instant,0.0007020776459820272
alot,0.0007007876679647192
weekends,0.0007004616038141252
specialy,0.0007004616038141252
efficiently,0.0006975800192993813
massive,0.0006962185867532178
recommended,0.000693618433063764
failed,0.0006930164165049372
true,0.0006901123750260574
direct,0.0006900673137656141
qualified,0.0006895052293578904
scammer,0.000689170991718738
ashamed,0.000689170991718738
real,0.0006884107629390173
constantly,0.0006854512360566659
tnx,0.0006847950822681315
ampsa,0.0006843322545381898
message,0.0006835930306136034
switched,0.0006828596922284558
link,0.0006821771894670763
needed,0.0006821396719767296
huge,0.0006809511105532893
fees,0.0006786788278935027
shoot,0.0006772492255297616
weeks,0.0006765646317453068
shows,0.0006765635012083465
ur,0.0006735796662967982
attention,0.0006731756313845703
wants,0.0006731570689453288
gazillion,0.0006726689527233428
uninstalled,0.0006724155318546536
joke,0.0006682082523367706
pay,0.0006654860312085003
review,0.0006649555780540231
comes,0.000664376787673265
logo,0.000661506599544386
transferred,0.000660020432063657
mobail,0.000659834694999041
forgotten,0.000659834694999041
blc,0.000658786341091362
incorrect,0.0006580755873186383
vpn,0.000656587597552569
provide,0.0006542549582844645
oromo,0.0006534484697310527
barely,0.0006534416339457348
ethio,0.000653220596226222
recomend,0.0006502544051901201
completely,0.0006467016706452
manage,0.0006434418668704097
umer,0.0006429290302779797
mebrahtom,0.0006429290302779797
yilal,0.0006429290302779797
sahib,0.0006429290302779797
bashre,0.0006429290302779797
barkhadle,0.0006429290302779797
hayizgi,0.0006429290302779797
hassen,0.0006429290302779797
bari,0.0006429290302779797
melka,0.0006429290302779797
hussen,0.0006429290302779797
hayelu,0.0006429290302779797
berhan,0.0006429290302779797
betam,0.0006429290302779797
namatii,0.0006429290302779797
naw,0.0006429290302779797
nasir,0.0006429290302779797
tolataan,0.0006429290302779797
tadesa,0.0006429290302779797
beranu,0.0006429290302779797
deriba,0.0006429290302779797
axmed,0.0006429290302779797
amin,0.0006429290302779797
elemoo,0.0006429290302779797
embi,0.0006429290302779797
abfixa,0.0006429290302779797
abdulakim,0.0006429290302779797
aadan,0.0006429290302779797
wami,0.0006429290302779797
lemn,0.0006429290302779797
feshay,0.0006429290302779797
biranch,0.0006429290302779797
abrahim,0.0006429290302779797
tulluu,0.0006429290302779797
jabadhaa,0.0006429290302779797
jamal,0.0006429290302779797
laga,0.0006429290302779797
kehru,0.0006429290302779797
kerfafa,0.0006429290302779797
terrible,0.0006421720637441327
soo,0.0006420799705348001
person,0.0006418589691826377
boots,0.0006413027413529253
supportive,0.0006391014611863865
unique,0.0006386041224793795
rate,0.0006385354091192437
efficient,0.0006359102053661171
rarely,0.0006359102053661171
branches,0.0006355423240124653
reset,0.0006333970952289375
came,0.0006332106736086258
leading,0.0006330236751280568
suks,0.000631236819021373
confirmation,0.0006309174028332937
essy,0.0006272262904710674
adding,0.0006268540924345869
generate,0.0006267919499582381
highl,0.0006259777736227863
previously,0.0006257919044846522
names,0.0006257919044846522
holders,0.0006257919044846522
vety,0.0006244242784108081
wallets,0.0006241131071569521
digitalyworld,0.0006225314497926013
international,0.0006217686324417501
accept,0.0006196023419819558
close,0.0006194114775474159
hello,0.0006192581312277584
apollo,0.0006174801779045002
dijitalize,0.0006174801779045002
hate,0.0006144608455206302
600000,0.0006142452326693564
max,0.0006142452326693564
sms,0.0006127791531399932
human,0.0006124554216076657
cbebirr,0.0006117740086802573
additional,0.0006117321199914491
easily,0.0006117108845926668
means,0.0006102559733314444
generation,0.0006084637779280928
feet,0.0006084637779280928
calling,0.0006082762843770618
innovation,0.0006078842900343573
timeout,0.000606704548000591
respond,0.0006066063595931571
physically,0.0006038028546804664
bring,0.0006033337073607423
smoothly,0.0006026113799162375
ask,0.000599965156788662
slower,0.000598477732017965
tools,0.0005968900816678809
transportations,0.000595823204913276
noting,0.000594884480108298
stuck,0.000594884480108298
smoother,0.0005936895243307996
versions,0.0005918866333858327
sorry,0.0005890811962882983
management,0.0005889577664719753
suggestion,0.0005878321464702983
reciept,0.0005874975476005001
goes,0.0005874413790360367
duplicate,0.000586719342387671
suddenly,0.0005866375618471637
glitches,0.000584567768607849
platform,0.0005843314016173034
launch,0.0005841496753924732
addition,0.0005841496753924732
absolute,0.000583597985850104
ouch,0.0005833507893036766
everyday,0.0005833507893036766
finish,0.0005829557571510446
downloaded,0.0005820575560262673
a34,0.0005816207251648128
a05,0.0005816207251648128
devices,0.0005816207251648128
non,0.000580198130796341
hardworking,0.0005776225175649505
employees,0.0005776225175649505
unavailable,0.0005765039758511907
painfully,0.0005752989870206301
result,0.0005728091546978065
numbers,0.0005726151865920713
relationship,0.0005715601322015366
corrected,0.0005715601322015366
critical,0.0005696604973563175
ignored,0.0005691115489274319
ehhhh,0.0005677565857334677
doomed,0.0005672642684601043
chance,0.0005672642684601043
deactivated,0.0005672642684601043
abroad,0.0005668572918269739
ck,0.0005646763855021246
light,0.000562419150080603
past,0.0005610735044219554
restricted,0.0005566417950035542
cleaning,0.0005566417950035542
online,0.0005563014581087489
experiences,0.0005561996578988118
assessing,0.0005532669521731924
maybe,0.0005529571782841737
losing,0.0005528792770672278
consistently,0.0005487612156269094
delete,0.0005485928965431938
25,0.0005481833015576933
sep,0.0005481833015576933
commerce,0.000548064301245704
industry,0.000548064301245704
despite,0.0005479261062188929
launched,0.0005478400967978465
resolve,0.0005468372977311958
virtual,0.0005468372977311958
clients,0.0005464924688418163
deposit,0.0005450176845568056
digits,0.0005442512752884948
limited,0.0005436079164192312
setting,0.0005435772946477839
customization,0.0005435518604915172
department,0.0005435518604915172
social,0.000543309413170645
redminote,0.0005426628983763424
abeaten,0.0005423268780568551
jest,0.0005423268780568551
april,0.0005423268780568551
ot,0.0005417120309681487
os,0.0005417120309681487
closes,0.0005392430523295699
activation,0.0005390431894893677
plus,0.0005382455419185748
quality,0.0005377061123404457
cleared,0.0005345409722760234
went,0.0005344489741619982
gallery,0.0005330056449542055
period,0.0005322343345475863
815,0.0005322343345475863
beautiful,0.0005308335151569931
allowing,0.0005297282161127653
irrelevant,0.0005279427563861115
f15,0.0005271565861675589
snmsung,0.0005271565861675589
sent,0.0005261034206535135
lately,0.0005252966350357128
astonishing,0.0005232979576730794
ease,0.0005232979576730794
rating,0.0005229730107677177
manner,0.0005216859117668709
fact,0.000520851830116978
considering,0.000520851830116978
fake,0.0005200299410566668
changed,0.0005195836911949642
appear,0.0005195116975968994
impossible,0.0005193288696089819
simplify,0.0005174951979676069
making,0.0005168257570886325
self,0.000516384310105476
barrier,0.000516049108743828
ios,0.0005148922768082985
obvious,0.000514743828496784
perspective,0.000514743828496784
perfectlly,0.0005138276344683783
chogara,0.0005134595253976878
himem,0.0005134595253976878
ye,0.0005134595253976878
scanner,0.0005125637720614449
globally,0.0005116419593825002
disappointing,0.0005089868247220239
activated,0.0005085424391338268
preferrable,0.0005072369292861215
favorable,0.0005072369292861215
omg,0.0005071079668677981
received,0.0005065443171755359
rid,0.0005060423830402925
piss,0.000503131096048656
directly,0.0005024620049138455
wanna,0.0005004197961795296
fir,0.0004997505232482602
optimized,0.0004997505232482602
starts,0.0004994393344246327
record,0.0004982687047907387
icc,0.0004980106854119799
12yr,0.0004980106854119799
lc,0.0004980106854119799
ucp,0.0004980106854119799
loan,0.0004980106854119799
away,0.0004955957678680057
tap,0.0004955957678680057
evry,0.0004955957678680057
forced,0.0004946303495280338
deal,0.0004933744481407791
giving,0.0004930740730298075
convienient,0.0004913698695906704
prefrence,0.0004913698695906704
connects,0.0004878660216388867
apdate,0.0004878660216388867
enable,0.0004878660216388867
return,0.00048747298553722694
suggest,0.00048747298553722694
deliverd,0.0004871406849737562
imidetliy,0.0004871406849737562
mony,0.0004871406849737562
prefect,0.0004871406849737562
essential,0.00048700839716428744
closed,0.000486896692440635
plenty,0.00048665212521799875
water,0.00048665212521799875
missed,0.00048665212521799875
electricity,0.00048665212521799875
filled,0.0004853334380197612
click,0.00048486699488232185
happened,0.00048486492501243356
stacks,0.00048401730841889345
meet,0.0004832711251293256
hours,0.00048257055834660103
busy,0.00048185369472424316
web,0.00048185369472424316
willfix,0.00048185369472424316
lower,0.0004818355331593402
given,0.0004818355331593402
cuatomers,0.00048168391734706035
disorganised,0.0004797269198448649
letting,0.0004795397776984219
efficiency,0.00047884861786900507
detected,0.000478338367962809
previouse,0.000478338367962809
hastle,0.00047683601378182715
sudden,0.0004761906486408289
funds,0.0004755618609316373
lightning,0.00047503656242010444
specific,0.00047458022036251356
store,0.0004741521211136952
emplyees,0.0004741521211136952
sucks,0.00046845426456007067
hell,0.00046845426456007067
questions,0.0004684406258432398
key,0.00046687529220288825
successfully,0.0004634383591658312
logged,0.0004634383591658312
typed,0.0004634383591658312
email,0.00046280183937543086
visual,0.00046142329745423754
usage,0.00046142329745423754
installation,0.0004613112302274962
30,0.0004613112302274962
tecno,0.0004613112302274962
common,0.0004613112302274962
superr,0.0004605692221745252
bankk,0.0004605692221745252
onlyu,0.0004605692221745252
bayeee,0.00045461947713125054
esimirt,0.00045461947713125054
ewdihiliw,0.00045461947713125054
caalati,0.00045461947713125054
niho,0.00045461947713125054
galatooma,0.00045461947713125054
mohammed,0.00045461947713125054
riyad,0.00045461947713125054
gammachisa,0.00045461947713125054
metgeyot,0.00045461947713125054
kana,0.00045461947713125054
abaoli,0.00045461947713125054
nu,0.00045461947713125054
527,0.00045461947713125054
92,0.00045461947713125054
2567,0.00045461947713125054
yitnehew,0.00045461947713125054
wiiy,0.00045461947713125054
outside,0.00045433515951649327
test,0.00045344752469470354
patience,0.00045344752469470354
centralized,0.0004532105911984403
expect,0.0004530475015527796
mba,0.00045268111060494336
internationalization,0.0004524794369227358
upgraded,0.0004524794369227358
samsung,0.0004495577676960328
preview,0.0004495577676960328
a51,0.0004495577676960328
sooo,0.000449334333217554
stole,0.000449334333217554
someones,0.000449334333217554
stupid,0.00044867914444135233
dual,0.00044867914444135233
greedy,0.00044867914444135233
alerts,0.0004476655584291175
atlist,0.00044680529002202554
shiort,0.00044680529002202554
statment,0.00044680529002202554
called,0.0004443399579550653
connectivity,0.0004438360757694556
process,0.00044326409330747954
fetures,0.0004384953576040947
convince,0.0004384953576040947
grows,0.0004384953576040947
disaster,0.00043787452959657595
learn,0.00043787452959657595
match,0.00043787452959657595
ensure,0.00043655145542241503
chooses,0.00043552723099573193
lug,0.00043552723099573193
passive,0.00043340522809084584
compare,0.00043340522809084584
seconds,0.00043340522809084584
comfortable,0.0004314672784150816
dull,0.0004305635720192812
personally,0.0004305635720192812
motto,0.0004277637124609795
db,0.0004277637124609795
clearly,0.00042702763526385017
mess,0.00042558589320455744
selections,0.0004247026938416697
accessible,0.0004247026938416697
contains,0.0004247026938416697
finances,0.000422962362612289
finally,0.000422962362612289
managing,0.000422962362612289
debugig,0.0004229207260641358
endidereg,0.0004229207260641358
usb,0.0004229207260641358
bicha,0.0004229207260641358
axrigu,0.0004229207260641358
ku,0.00042089584967619953
somalida,0.00042089584967619953
diiden,0.00042089584967619953
lacag,0.00042089584967619953
inaad,0.00042089584967619953
amaahisan,0.00042089584967619953
maxaad,0.00042089584967619953
development,0.0004208571306457356
moment,0.0004208571306457356
nowadays,0.0004206854488169039
enjoy,0.00041895497229907207
solid,0.00041895497229907207
complain,0.0004168096866118482
ultimate,0.00041599260869519864
left,0.0004129831583529843
facing,0.00041044565403033944
collapseed,0.00041021104042206566
greatest,0.00041021104042206566
famous,0.00041021104042206566
a32,0.00040887626283780975
fixing,0.00040856514390792253
kept,0.0004060275387549281
haven,0.00040582667034655916
preferred,0.00040582667034655916
uninterested,0.00040582667034655916
uninstall,0.00040582667034655916
codes,0.00040456707831096925
exact,0.00040347118922603255
actively,0.00040347118922603255
initialization,0.00040347118922603255
inter,0.000403463574546759
dozen,0.00040307445280766995
gui,0.0004028319551330286
receipter,0.0004028319551330286
notification,0.0004028319551330286
fear,0.0003991059281512924
companies,0.00039897953446065335
pleasant,0.0003985940210760726
saves,0.0003971744184267293
tech,0.0003962772132927553
belive,0.00039513400847775203
body,0.00039513400847775203
im,0.0003918582875988424
platforms,0.0003918582875988424
genuinely,0.0003918582875988424
freedom,0.0003901028040271363
empowering,0.0003901028040271363
meets,0.0003901028040271363
struggles,0.0003898573635999989
resetting,0.0003888804894091745
gift,0.0003887138866755672
refunded,0.00038754663998922915
actual,0.00038624697425337055
stooped,0.00038527046105629113
unpredictable,0.0003849801192170524
exists,0.0003849801192170524
goodness,0.0003849801192170524
feedback,0.0003824691677574844
raised,0.00038179338794981676
notifying,0.0003816238116501667
quiet,0.0003816238116501667
connected,0.00037938533436692335
itoophiyaa,0.0003774617782860645
languages,0.0003774617782860645
admin,0.0003774617782860645
afaan,0.0003774617782860645
aga,0.0003774617782860645
miss,0.0003774617782860645
girja,0.0003774617782860645
telecom,0.00037520032498728384
electric,0.00037520032498728384
nonsense,0.00037520032498728384
large,0.00037329944310229954
appropriate,0.00037329944310229954
known,0.0003732060128411997
beauty,0.0003722590410527106
terms,0.0003722590410527106
22,0.0003719567804618704
nasty,0.0003712167455135935
hopeless,0.0003712167455135935
loss,0.0003712167455135935
energy,0.0003712167455135935
irritating,0.0003700313570135856
reference,0.0003700313570135856
applications,0.0003700313570135856
arrived,0.00037003052856178216
touch,0.0003691539463554314
withdrwal,0.0003691539463554314
passbook,0.0003691539463554314
cadrless,0.0003691539463554314
vertual,0.0003691539463554314
ok,0.0003686461933919497
functions,0.0003686461933919497
causing,0.0003678009527504109
refuses,0.0003678009527504109
repeated,0.0003678009527504109
befor,0.0003638609203942034
amendment,0.0003636307576523976
exciting,0.00036315962855450965
evolve,0.00036315962855450965
appreciation,0.00036315962855450965
talent,0.00036315962855450965
local,0.00036315962855450965
developed,0.00036315962855450965
neat,0.0003625842164558065
early,0.0003595626513831943
restriction,0.00035927277640587796
risk,0.0003558125883225988
disturbing,0.0003558125883225988
board,0.0003558125883225988
displaying,0.0003558125883225988
traxation,0.0003558125883225988
dash,0.0003558125883225988
dashboard,0.0003558125883225988
example,0.0003548886854255476
barley,0.0003541240020473113
beloved,0.0003541240020473113
randomly,0.0003507111991772219
errors,0.0003507111991772219
commitment,0.00034908465568303043
communicate,0.00034908465568303043
effort,0.00034908465568303043
area,0.00034908465568303043
appricated,0.00034908465568303043
transacted,0.0003488204047532427
discontinue,0.0003469465521129894
pile,0.00034048964885279503
steps,0.00034048964885279503
backwards,0.00034048964885279503
insignificant,0.00033933941394675136
confirmed,0.00033933941394675136
ecuatorial,0.00033766922731856525
location,0.00033766922731856525
mubarak,0.00033766922731856525
waw,0.00033766922731856525
remote,0.00033766922731856525
mewolid,0.00033766922731856525
guinea,0.00033766922731856525
malabo,0.00033766922731856525
numerous,0.00033658451252434725
downtime,0.00033658451252434725
told,0.00033581662466600855
difference,0.0003354974503210069
small,0.0003354974503210069
comparing,0.00033544158298435395
short,0.00033544158298435395
clashes,0.00033544158298435395
blaming,0.00033544158298435395
today,0.00033460267422526685
collecting,0.00033460267422526685
feed,0.00033460267422526685
mot,0.00033460267422526685
comments,0.00033460267422526685
becames,0.0003343621492173442
shall,0.0003343621492173442
month,0.0003343621492173442
smothely,0.0003343621492173442
solution,0.0003343621492173442
provided,0.0003320303477376787
gmail,0.0003320303477376787
reading,0.00033142661824526115
unserious,0.00033142661824526115
installed,0.00033142661824526115
verifying,0.0003293316965413292
currently,0.0003293316965413292
images,0.0003293316965413292
camera,0.0003293316965413292
capturing,0.0003293316965413292
flexible,0.0003249036187057981
countries,0.00032373021801096664
fanancial,0.0003226747730964981
truely,0.0003226747730964981
rule,0.00031907830072150785
afan,0.00031551579327182317
tigniya,0.00031551579327182317
amharic,0.00031551579327182317
reachable,0.00031551579327182317
suffice,0.00031542512230174375
accross,0.00031542512230174375
gey,0.00031542512230174375
bugged,0.00031482757111369334
damn,0.00031195793771842875
newly,0.00031195793771842875
god,0.00031195793771842875
slowing,0.00031195793771842875
telling,0.00031195793771842875
smsng,0.00031127149079206975
strictly,0.00031127149079206975
stage,0.00031127149079206975
helping,0.00031126572489630067
fastandrelevant,0.00031126572489630067
welldoingwith,0.00031126572489630067
genuine,0.00031126572489630067
morconnecting,0.00031126572489630067
tho,0.0003104255910736196
pop,0.0003104255910736196
kinda,0.0003104255910736196
bro,0.0003090150793897014
engineer,0.0003090150793897014
disgrace,0.0003090150793897014
enterprise,0.0003090150793897014
range,0.00030889702630698587
combines,0.00030889702630698587
looking,0.00030889702630698587
gets,0.00030765323206937063
fastness,0.00030765323206937063
considerable,0.00030765323206937063
survice,0.00030765323206937063
single,0.00030586605999572455
run,0.00030586605999572455
factions,0.0003038599042161695
major,0.0003038599042161695
count,0.0003038599042161695
fastly,0.0003037490902103361
expanded,0.0003037490902103361
notify,0.0003037490902103361
idiot,0.0003037490902103361
endless,0.00029812390780816525
fun,0.00029812390780816525
killed,0.00029812390780816525
ll,0.00029812390780816525
higher,0.00029812390780816525
yeet,0.00029812390780816525
robust,0.00029812390780816525
identify,0.0002975489556576907
sender,0.0002975489556576907
loosing,0.0002946316329156744
contacts,0.0002946316329156744
usually,0.0002946316329156744
question,0.000294413408452029
lock,0.000294413408452029
entered,0.000294413408452029
4times,0.000294413408452029
contacted,0.000294413408452029
branchs,0.000294413408452029
mistake,0.000294413408452029
situation,0.0002925393349816884
networks,0.0002925393349816884
lite,0.0002925393349816884
late,0.0002925393349816884
4gb,0.0002925393349816884
3gb,0.0002925393349816884
cardless,0.00028957409383602913
withdrawal,0.00028957409383602913
team,0.00028957409383602913
require,0.00028957409383602913
mandatory,0.00028584138430743354
screenshots,0.00028584138430743354
calender,0.00028584138430743354
downsides,0.00028584138430743354
ads,0.00028456122479672655
hurts,0.00028456122479672655
home,0.00028456122479672655
banners,0.00028456122479672655
95,0.00028456122479672655
promotions,0.00028456122479672655
cluttered,0.00028456122479672655
promote,0.00028456122479672655
incompetent,0.00028246473580390507
consequences,0.00028246473580390507
complacency,0.00028246473580390507
ver,0.0002823381927510623
btw,0.0002823381927510623
internal,0.00027858658417451117
servers,0.00027841196884772774
package,0.00027841196884772774
steal,0.00027841196884772774
4g,0.00027841196884772774
woking,0.00027841196884772774
thats,0.0002774180097472442
didnt,0.0002774180097472442
stakeholder,0.0002750400052010595
little,0.0002750400052010595
delightful,0.0002750400052010595
pioneer,0.0002750400052010595
disappointment,0.0002738560366713001
confusing,0.0002738560366713001
honestly,0.0002738560366713001
infact,0.00027020397084254796
boe,0.00027020397084254796
acc,0.00027020397084254796
develoler,0.00026448127551100805
willing,0.00026448127551100805
confirm,0.000262956754081601
lete,0.000262956754081601
receive,0.000262956754081601
usability,0.00026094415888640136
intuitive,0.00026094415888640136
benchmark,0.00026094415888640136
release,0.00026094415888640136
evolved,0.00026094415888640136
built,0.00026094415888640136
modes,0.00026094415888640136
mind,0.00026094415888640136
impressively,0.00026094415888640136
adds,0.00026094415888640136
counter,0.00026038007428222674
bc,0.000259530995287086
counting,0.000259530995287086
hire,0.000259530995287086
atleast,0.000259530995287086
perks,0.0002582074018775739
likely,0.0002582074018775739
responsive,0.0002582074018775739
monthly,0.00025690141853655044
robber,0.00025690141853655044
tax,0.00025690141853655044
vey,0.0002564853441521168
significant,0.0002564853441521168
navigate,0.0002564853441521168
removed,0.0002558212561680842
activity,0.0002558212561680842
apart,0.0002558212561680842
tier,0.00025455427087515617
offers,0.00025455427087515617
regarding,0.0002532613683462346
share,0.0002532613683462346
workflow,0.0002532613683462346
failing,0.0002532613683462346
disruptions,0.0002532613683462346
affecting,0.0002532613683462346
enables,0.0002519653946589996
zone,0.0002519653946589996
assured,0.0002519653946589996
phase,0.0002519653946589996
perform,0.0002519653946589996
comfort,0.0002519653946589996
multi,0.0002519653946589996
booster,0.0002519653946589996
layout,0.00024921870997301896
sleek,0.00024921870997301896
breeze,0.00024921870997301896
responses,0.00024921870997301896
task,0.00024921870997301896
finger,0.00024701608815495466
gap,0.00024701608815495466
2fa,0.00024701608815495466
print,0.00024701608815495466
pattern,0.00024701608815495466
trust,0.00024701608815495466
addressed,0.00024701608815495466
stolen,0.00024701608815495466
allows,0.00024701608815495466
cursed,0.00024614214863298643
comed,0.00024614214863298643
hetter,0.00024614214863298643
cks,0.00024614214863298643
tekebirr,0.00024614214863298643
ine,0.00024614214863298643
mean,0.00024060236810119712
spinning,0.00024060236810119712
offline,0.00024060236810119712
stable,0.00024060236810119712
stuff,0.00024060236810119712
saying,0.00024060236810119712
attempts,0.00024060236810119712
circle,0.00024060236810119712
choose,0.00024043689998534933
consuming,0.00024043689998534933
boamobile,0.00023776398232991437
worked,0.00023776398232991437
clearing,0.00023776398232991437
reinstalling,0.00023776398232991437
paying,0.00023591709441388303
potential,0.00023591709441388303
select,0.00023591709441388303
absurd,0.00023499780775755938
unprofessional,0.00023499780775755938
income,0.00023499780775755938
processing,0.00023499780775755938
avoid,0.00023499780775755938
mischievous,0.00023499780775755938
opinion,0.00023499780775755938
decided,0.00023499780775755938
deducted,0.00023499780775755938
learned,0.00023499780775755938
occasions,0.00023499780775755938
reporting,0.00023499780775755938
yesterday,0.00023499780775755938
australia,0.00023343764610144412
furthermost,0.00023343764610144412
confuse,0.00023035953544683097
litrecy,0.00023035953544683097
based,0.00023035953544683097
compitators,0.00023035953544683097
level,0.00023035953544683097
initiate,0.0002240124580585616
manually,0.0002240124580585616
comment,0.0002240124580585616
receiver,0.0002240124580585616
reasons,0.000221467138051056
unnecessary,0.000221467138051056
remove,0.000221467138051056
unstable,0.000221467138051056
normal,0.000221467138051056
fyi,0.00022141797289964007
boot,0.00022141797289964007
released,0.00022141797289964007
music,0.00022141797289964007
matter,0.00022141797289964007
restarted,0.000220802966015066
biggest,0.000220802966015066
reinstalled,0.000220802966015066
crashed,0.000220802966015066
junior,0.000220802966015066
temporarily,0.00021922339631064866
altogether,0.00021922339631064866
viewing,0.00021922339631064866
later,0.00021922339631064866
took,0.00021922339631064866
unfortunately,0.00021886253251752303
tells,0.00021886253251752303
happening,0.00021886253251752303
struggle,0.00021886253251752303
set,0.00021641222782747455
silly,0.00021641222782747455
businesses,0.00021641222782747455
senders,0.00021641222782747455
tranfers,0.00021641222782747455
near,0.00021641222782747455
requirements,0.00021641222782747455
hidding,0.00021641222782747455
expressing,0.00021214892973004716
precious,0.00021214892973004716
bar,0.00021044899610611723
quick,0.00021044899610611723
shopping,0.00021044899610611723
reliably,0.0002096984233618988
technical,0.0002096984233618988
delivered,0.0002096984233618988
crucially,0.0002096984233618988
periods,0.0002096984233618988
urgently,0.0002096984233618988
solved,0.0002084048433059241
faced,0.0002084048433059241
lastly,0.0002084048433059241
career,0.0002070219193536055
decorative,0.0002070219193536055
experiment,0.0002070219193536055
build,0.0002070219193536055
bugging,0.0002070219193536055
sleep,0.0002070219193536055
half,0.0002070219193536055
path,0.0002070219193536055
basic,0.00020129210134724895
fixes,0.00020129210134724895
countless,0.00020129210134724895
technology,0.00020129210134724895
wait,0.00020129210134724895
situations,0.00020129210134724895
knowing,0.00020123995261183577
legal,0.00020123995261183577
world,0.00020123995261183577
receiving,0.00020123995261183577
member,0.00020123995261183577
digit,0.0001975107880027785
finishing,0.00019736340797223584
expired,0.00019736340797223584
silassie,0.00019736340797223584
callcenter,0.00019736340797223584
vist,0.00019736340797223584
form,0.00019736340797223584
filling,0.00019736340797223584
cases,0.00019736340797223584
sat,0.00019736340797223584
waited,0.00019736340797223584
ppl,0.00019736340797223584
case,0.00019736340797223584
leaving,0.00019736340797223584
hasn,0.0001972319863291982
provider,0.0001972319863291982
reach,0.0001972319863291982
nearby,0.0001972319863291982
authentication,0.0001972319863291982
arrive,0.0001972319863291982
tomorrow,0.0001972319863291982
confidence,0.00019505140201356815
anytime,0.00019505140201356815
fingertips,0.00019505140201356815
pass,0.00019444024470458726
added,0.00019444024470458726
concerned,0.00019444024470458726
nformational,0.00019444024470458726
attach,0.00019444024470458726
wish,0.00019444024470458726
verifies,0.00019444024470458726
physical,0.00019444024470458726
heavy,0.00019444024470458726
shewangizaw,0.00019444024470458726
basically,0.00019444024470458726
tip,0.00019444024470458726
consultant,0.00019312348712668528
smoothen,0.00019312348712668528
edit,0.00019312348712668528
somthing,0.00019312348712668528
toggle,0.00019312348712668528
shameful,0.00019312348712668528
labled,0.00019312348712668528
implement,0.00019312348712668528
restarting,0.00019312348712668528
invest,0.00019312348712668528
second,0.00019191568757562458
seriously,0.00019191568757562458
transparent,0.00019191568757562458
treated,0.00019191568757562458
restrictions,0.00019191568757562458
bias,0.00019191568757562458
beneficiary,0.00019191568757562458
limiting,0.00019191568757562458
unacceptable,0.00019191568757562458
class,0.00019191568757562458
power,0.00018660300642059984
broadly,0.00018660300642059984
principles,0.00018660300642059984
practice,0.00018660300642059984
lead,0.00018660300642059984
burglary,0.00018660300642059984
provision,0.00018660300642059984
froudalent,0.00018660300642059984
satisfaction,0.00018660300642059984
challenges,0.00018660300642059984
ethical,0.00018660300642059984
constraints,0.00018660300642059984
existence,0.00018660300642059984
hacker,0.00018660300642059984
disappointed,0.00015953915036075392
freely,0.00015953915036075392
national,0.00015953915036075392
friends,0.00015953915036075392
according,0.00015953915036075392
withdrawable,0.00015953915036075392
nbe,0.00015953915036075392
unfa,0.00015953915036075392
linked,0.00015876779414932972
appeared,0.00015876779414932972
unfortunetly,0.00015876779414932972
community,0.00015876779414932972
develop,0.00015876779414932972
diaspora,0.00015876779414932972
permanently,0.00015876779414932972
maily,0.00015234453226507845
arranged,0.00015234453226507845
iwant,0.00015234453226507845
500,0.00015234453226507845
300,0.00015234453226507845
shown,0.00015234453226507845
sequenced,0.00015234453226507845
discomferted,0.00015234453226507845
merchants,0.00015234453226507845
searchable,0.00015234453226507845
miximize,0.00015234453226507845
relly,0.00015234453226507845
becouse,0.00015234453226507845
